-- MySQL dump 10.13  Distrib 8.0.41, for Win64 (x86_64)
--
-- Host: 127.0.0.1    Database: hospital_sghss
-- ------------------------------------------------------
-- Server version	8.0.41

/*!40101 SET @OLD_CHARACTER_SET_CLIENT=@@CHARACTER_SET_CLIENT */;
/*!40101 SET @OLD_CHARACTER_SET_RESULTS=@@CHARACTER_SET_RESULTS */;
/*!40101 SET @OLD_COLLATION_CONNECTION=@@COLLATION_CONNECTION */;
/*!50503 SET NAMES utf8 */;
/*!40103 SET @OLD_TIME_ZONE=@@TIME_ZONE */;
/*!40103 SET TIME_ZONE='+00:00' */;
/*!40014 SET @OLD_UNIQUE_CHECKS=@@UNIQUE_CHECKS, UNIQUE_CHECKS=0 */;
/*!40014 SET @OLD_FOREIGN_KEY_CHECKS=@@FOREIGN_KEY_CHECKS, FOREIGN_KEY_CHECKS=0 */;
/*!40101 SET @OLD_SQL_MODE=@@SQL_MODE, SQL_MODE='NO_AUTO_VALUE_ON_ZERO' */;
/*!40111 SET @OLD_SQL_NOTES=@@SQL_NOTES, SQL_NOTES=0 */;

--
-- Table structure for table `consulta`
--

DROP TABLE IF EXISTS `consulta`;
/*!40101 SET @saved_cs_client     = @@character_set_client */;
/*!50503 SET character_set_client = utf8mb4 */;
CREATE TABLE `consulta` (
  `id_consulta` int NOT NULL AUTO_INCREMENT,
  `data_hora` datetime NOT NULL,
  `status` varchar(50) DEFAULT NULL,
  `observacoes` text,
  `id_usuario` int NOT NULL,
  `id_paciente` int NOT NULL,
  PRIMARY KEY (`id_consulta`),
  KEY `fk_consulta_usuario` (`id_usuario`),
  KEY `fk_consulta_paciente` (`id_paciente`),
  CONSTRAINT `fk_consulta_paciente` FOREIGN KEY (`id_paciente`) REFERENCES `paciente` (`id_paciente`) ON DELETE CASCADE ON UPDATE CASCADE,
  CONSTRAINT `fk_consulta_usuario` FOREIGN KEY (`id_usuario`) REFERENCES `usuario` (`id_usuario`) ON DELETE CASCADE ON UPDATE CASCADE
) ENGINE=InnoDB AUTO_INCREMENT=9 DEFAULT CHARSET=utf8mb4 COLLATE=utf8mb4_0900_ai_ci;
/*!40101 SET character_set_client = @saved_cs_client */;

--
-- Dumping data for table `consulta`
--

LOCK TABLES `consulta` WRITE;
/*!40000 ALTER TABLE `consulta` DISABLE KEYS */;
INSERT INTO `consulta` VALUES (4,'2025-05-20 19:10:00','REMARCADA','Consulta com clinico geral 2ª visita',2,1),(7,'2025-05-20 18:30:00','REAGENDADA','pediatra',2,8);
/*!40000 ALTER TABLE `consulta` ENABLE KEYS */;
UNLOCK TABLES;

--
-- Table structure for table `log`
--

DROP TABLE IF EXISTS `log`;
/*!40101 SET @saved_cs_client     = @@character_set_client */;
/*!50503 SET character_set_client = utf8mb4 */;
CREATE TABLE `log` (
  `id_log` int NOT NULL AUTO_INCREMENT,
  `data_hora` datetime NOT NULL,
  `descricao` text,
  `acao` varchar(100) DEFAULT NULL,
  `id_usuario` int NOT NULL,
  PRIMARY KEY (`id_log`),
  KEY `fk_log_usuario` (`id_usuario`),
  CONSTRAINT `fk_log_usuario` FOREIGN KEY (`id_usuario`) REFERENCES `usuario` (`id_usuario`) ON DELETE CASCADE ON UPDATE CASCADE
) ENGINE=InnoDB AUTO_INCREMENT=543 DEFAULT CHARSET=utf8mb4 COLLATE=utf8mb4_0900_ai_ci;
/*!40101 SET character_set_client = @saved_cs_client */;

--
-- Dumping data for table `log`
--

LOCK TABLES `log` WRITE;
/*!40000 ALTER TABLE `log` DISABLE KEYS */;
INSERT INTO `log` VALUES (59,'2025-03-31 00:53:53','Ação realizada: PacienteController.listarTodos()','INFO',1),(60,'2025-03-31 00:54:03','Ação realizada: UsuarioController.listarTodos()','INFO',1),(61,'2025-03-31 00:54:04','Ação realizada: ConsultaController.listarTodas()','INFO',1),(62,'2025-03-31 00:54:08','Ação realizada: UsuarioController.listarTodos()','INFO',1),(63,'2025-03-31 00:54:18','Ação realizada: ConsultaController.listarTodas()','INFO',2),(64,'2025-03-31 00:54:35','Ação realizada: UsuarioController.listarTodos()','INFO',1),(65,'2025-03-31 01:01:00','Ação realizada: PacienteController.listarTodos()','INFO',1),(66,'2025-03-31 01:01:01','Ação realizada: UsuarioController.listarTodos()','INFO',1),(67,'2025-03-31 01:01:47','Ação realizada: ConsultaController.listarTodas()','INFO',1),(68,'2025-03-31 01:09:34','Ação realizada: ConsultaController.listarTodas()','INFO',1),(69,'2025-03-31 01:09:40','Ação realizada: UsuarioController.listarTodos()','INFO',1),(70,'2025-03-31 01:09:41','Ação realizada: UsuarioController.listarTodos()','INFO',1),(71,'2025-03-31 01:09:43','Ação realizada: UsuarioController.listarTodos()','INFO',1),(72,'2025-03-31 01:09:45','Ação realizada: ConsultaController.listarTodas()','INFO',1),(73,'2025-03-31 01:14:07','Ação realizada: PacienteController.listarTodos()','INFO',1),(74,'2025-03-31 01:14:08','Ação realizada: UsuarioController.listarTodos()','INFO',1),(75,'2025-03-31 01:14:10','Ação realizada: PacienteController.listarTodos()','INFO',1),(76,'2025-03-31 01:14:12','Ação realizada: UsuarioController.listarTodos()','INFO',1),(77,'2025-03-31 01:14:14','Ação realizada: ConsultaController.listarTodas()','INFO',1),(78,'2025-03-31 01:14:24','Ação realizada: UsuarioController.listarTodos()','INFO',1),(79,'2025-03-31 01:14:29','Ação realizada: ConsultaController.listarTodas()','INFO',1),(80,'2025-03-31 01:14:32','Ação realizada: UsuarioController.listarTodos()','INFO',1),(81,'2025-03-31 01:18:29','Ação realizada: PacienteController.listarTodos()','INFO',1),(82,'2025-03-31 01:18:30','Ação realizada: UsuarioController.listarTodos()','INFO',1),(83,'2025-03-31 01:18:31','Ação realizada: ConsultaController.listarTodas()','INFO',1),(84,'2025-03-31 01:18:33','Ação realizada: UsuarioController.listarTodos()','INFO',1),(85,'2025-03-31 01:18:56','Ação realizada: PacienteController.listarTodos()','INFO',1),(86,'2025-03-31 01:18:56','Ação realizada: UsuarioController.listarTodos()','INFO',1),(87,'2025-03-31 01:18:58','Ação realizada: PacienteController.listarTodos()','INFO',1),(88,'2025-03-31 01:19:02','Ação realizada: UsuarioController.listarTodos()','INFO',1),(89,'2025-03-31 01:19:05','Ação realizada: ConsultaController.listarTodas()','INFO',1),(90,'2025-03-31 01:19:20','Ação realizada: UsuarioController.listarTodos()','INFO',1),(91,'2025-03-31 01:19:22','Ação realizada: PacienteController.listarTodos()','INFO',1),(92,'2025-03-31 01:19:25','Ação realizada: UsuarioController.listarTodos()','INFO',1),(93,'2025-03-31 01:22:55','Ação realizada: PacienteController.listarTodos()','INFO',1),(94,'2025-03-31 01:22:55','Ação realizada: UsuarioController.listarTodos()','INFO',1),(95,'2025-03-31 01:22:58','Ação realizada: ConsultaController.listarTodas()','INFO',1),(96,'2025-03-31 01:23:15','Ação realizada: UsuarioController.listarTodos()','INFO',1),(97,'2025-03-31 01:23:39','Ação realizada: UsuarioController.listarTodos()','INFO',1),(98,'2025-03-31 01:23:43','Ação realizada: UsuarioController.listarTodos()','INFO',1),(99,'2025-03-31 01:23:55','Ação realizada: UsuarioController.listarTodos()','INFO',1),(100,'2025-03-31 01:23:57','Ação realizada: ConsultaController.listarTodas()','INFO',1),(101,'2025-03-31 19:55:45','Ação realizada: PacienteController.listarTodos()','INFO',1),(102,'2025-03-31 19:55:46','Ação realizada: UsuarioController.listarTodos()','INFO',1),(103,'2025-03-31 19:56:04','Ação realizada: ConsultaController.listarTodas()','INFO',1),(104,'2025-03-31 19:56:24','Ação realizada: UsuarioController.listarTodos()','INFO',1),(105,'2025-03-31 20:14:57','Ação realizada: PacienteController.listarTodos()','INFO',1),(106,'2025-03-31 20:14:58','Ação realizada: UsuarioController.listarTodos()','INFO',1),(107,'2025-03-31 20:15:00','Ação realizada: ConsultaController.listarTodas()','INFO',1),(108,'2025-03-31 20:15:07','Ação realizada: UsuarioController.listarTodos()','INFO',1),(109,'2025-03-31 20:15:08','Ação realizada: UsuarioController.listarTodos()','INFO',1),(110,'2025-03-31 20:15:11','Ação realizada: UsuarioController.listarTodos()','INFO',1),(111,'2025-03-31 20:15:13','Ação realizada: PacienteController.listarTodos()','INFO',1),(112,'2025-03-31 20:15:15','Ação realizada: UsuarioController.listarTodos()','INFO',1),(113,'2025-03-31 20:15:17','Ação realizada: UsuarioController.listarTodos()','INFO',1),(114,'2025-03-31 20:15:20','Ação realizada: UsuarioController.listarTodos()','INFO',1),(115,'2025-03-31 20:15:31','Ação realizada: UsuarioController.listarTodos()','INFO',1),(116,'2025-04-01 01:12:15','Ação realizada: PacienteController.listarTodos()','INFO',1),(117,'2025-04-01 01:12:16','Ação realizada: UsuarioController.listarTodos()','INFO',1),(118,'2025-04-01 01:12:27','Ação realizada: ConsultaController.listarTodas()','INFO',1),(119,'2025-04-01 01:12:56','Ação realizada: UsuarioController.listarTodos()','INFO',1),(120,'2025-04-01 01:13:09','Ação realizada: UsuarioController.listarTodos()','INFO',1),(121,'2025-04-01 01:13:10','Ação realizada: PacienteController.listarTodos()','INFO',1),(122,'2025-04-01 01:13:17','Ação realizada: UsuarioController.listarTodos()','INFO',1),(123,'2025-04-01 01:13:24','Ação realizada: UsuarioController.listarTodos()','INFO',1),(124,'2025-04-01 01:14:05','Ação realizada: UsuarioController.listarTodos()','INFO',1),(125,'2025-04-01 01:14:10','Ação realizada: ConsultaController.listarTodas()','INFO',1),(126,'2025-04-01 01:14:24','Ação realizada: UsuarioController.listarTodos()','INFO',1),(127,'2025-04-01 01:14:42','Ação realizada: PacienteController.listarTodos()','INFO',2),(128,'2025-04-01 01:14:46','Ação realizada: PacienteController.listarTodos()','INFO',2),(129,'2025-04-01 01:14:48','Ação realizada: ConsultaController.listarTodas()','INFO',2),(130,'2025-04-01 19:28:42','Ação realizada: ConsultaController.listarTodas()','INFO',1),(131,'2025-04-01 19:28:43','Ação realizada: UsuarioController.listarTodos()','INFO',1),(132,'2025-04-01 19:28:43','Ação realizada: PacienteController.listarTodos()','INFO',1),(133,'2025-04-01 19:28:43','Ação realizada: ConsultaController.listarTodas()','INFO',1),(134,'2025-04-01 19:33:14','Ação realizada: ConsultaController.listarTodas()','INFO',2),(135,'2025-04-01 19:33:15','Ação realizada: PacienteController.listarTodos()','INFO',2),(136,'2025-04-01 19:33:15','Ação realizada: ConsultaController.listarTodas()','INFO',2),(137,'2025-04-01 19:33:54','Ação realizada: ConsultaController.listarTodas()','INFO',2),(138,'2025-04-01 19:34:28','Ação realizada: ConsultaController.criarConsulta(..)','INFO',1),(139,'2025-04-01 19:34:37','Ação realizada: PacienteController.listarTodos()','INFO',2),(140,'2025-04-01 19:34:37','Ação realizada: ConsultaController.listarTodas()','INFO',2),(141,'2025-04-01 19:38:22','Ação realizada: ConsultaController.listarTodas()','INFO',2),(142,'2025-04-01 19:38:23','Ação realizada: PacienteController.listarTodos()','INFO',2),(143,'2025-04-01 19:38:23','Ação realizada: ConsultaController.listarTodas()','INFO',2),(144,'2025-04-01 19:44:24','Ação realizada: ConsultaController.listarTodas()','INFO',2),(145,'2025-04-01 19:44:25','Ação realizada: PacienteController.listarTodos()','INFO',2),(146,'2025-04-01 19:44:25','Ação realizada: ConsultaController.listarTodas()','INFO',2),(147,'2025-04-01 19:49:40','Ação realizada: ConsultaController.listarTodas()','INFO',2),(148,'2025-04-01 19:49:41','Ação realizada: PacienteController.listarTodos()','INFO',2),(149,'2025-04-01 19:49:42','Ação realizada: ConsultaController.listarTodas()','INFO',2),(150,'2025-04-01 20:03:29','Ação realizada: ConsultaController.listarTodas()','INFO',2),(151,'2025-04-01 20:03:30','Ação realizada: ConsultaController.listarTodas()','INFO',2),(152,'2025-04-01 20:03:31','Ação realizada: ConsultaController.listarTodas()','INFO',2),(153,'2025-04-01 20:03:31','Ação realizada: PacienteController.listarTodos()','INFO',2),(154,'2025-04-01 20:03:32','Ação realizada: PacienteController.listarTodos()','INFO',2),(155,'2025-04-01 20:03:32','Ação realizada: ConsultaController.listarTodas()','INFO',2),(156,'2025-04-01 20:03:32','Ação realizada: PacienteController.listarTodos()','INFO',2),(157,'2025-04-01 20:03:32','Ação realizada: ConsultaController.listarTodas()','INFO',2),(158,'2025-04-01 20:08:27','Ação realizada: ConsultaController.listarTodas()','INFO',2),(159,'2025-04-01 20:08:29','Ação realizada: PacienteController.listarTodos()','INFO',2),(160,'2025-04-01 20:08:29','Ação realizada: ConsultaController.listarTodas()','INFO',2),(161,'2025-04-01 20:08:29','Ação realizada: ConsultaController.listarTodas()','INFO',2),(162,'2025-04-01 20:08:29','Ação realizada: PacienteController.listarTodos()','INFO',2),(163,'2025-04-01 20:09:04','Ação realizada: ConsultaController.listarTodas()','INFO',1),(164,'2025-04-01 20:09:06','Ação realizada: UsuarioController.listarTodos()','INFO',1),(165,'2025-04-01 20:09:06','Ação realizada: PacienteController.listarTodos()','INFO',1),(166,'2025-04-01 20:09:06','Ação realizada: ConsultaController.listarTodas()','INFO',1),(167,'2025-04-01 20:09:06','Ação realizada: UsuarioController.listarTodos()','INFO',1),(168,'2025-04-01 20:09:06','Ação realizada: PacienteController.listarTodos()','INFO',1),(169,'2025-04-01 20:09:06','Ação realizada: ConsultaController.listarTodas()','INFO',1),(170,'2025-04-02 17:36:45','Ação realizada: ConsultaController.listarTodas()','INFO',1),(171,'2025-04-02 17:36:46','Ação realizada: UsuarioController.listarTodos()','INFO',1),(172,'2025-04-02 17:36:46','Ação realizada: PacienteController.listarTodos()','INFO',1),(173,'2025-04-02 17:36:47','Ação realizada: ConsultaController.listarTodas()','INFO',1),(174,'2025-04-02 17:36:47','Ação realizada: UsuarioController.listarTodos()','INFO',1),(175,'2025-04-02 17:36:47','Ação realizada: ConsultaController.listarTodas()','INFO',1),(176,'2025-04-02 17:36:47','Ação realizada: PacienteController.listarTodos()','INFO',1),(177,'2025-04-02 17:53:22','Ação realizada: PacienteController.listarTodos()','INFO',1),(178,'2025-04-02 17:53:22','Ação realizada: ConsultaController.listarTodas()','INFO',1),(179,'2025-04-02 17:53:22','Ação realizada: UsuarioController.listarTodos()','INFO',1),(180,'2025-04-02 17:53:22','Ação realizada: PacienteController.listarTodos()','INFO',1),(181,'2025-04-02 17:53:22','Ação realizada: UsuarioController.listarTodos()','INFO',1),(182,'2025-04-02 17:53:22','Ação realizada: ConsultaController.listarTodas()','INFO',1),(183,'2025-04-02 17:59:18','Ação realizada: ConsultaController.listarTodas()','INFO',1),(184,'2025-04-02 17:59:18','Ação realizada: PacienteController.listarTodos()','INFO',1),(185,'2025-04-02 17:59:18','Ação realizada: UsuarioController.listarTodos()','INFO',1),(186,'2025-04-02 17:59:18','Ação realizada: ConsultaController.listarTodas()','INFO',1),(187,'2025-04-02 17:59:18','Ação realizada: PacienteController.listarTodos()','INFO',1),(188,'2025-04-02 17:59:18','Ação realizada: UsuarioController.listarTodos()','INFO',1),(189,'2025-04-02 17:59:19','Ação realizada: ConsultaController.listarTodas()','INFO',1),(190,'2025-04-02 18:02:58','Ação realizada: UsuarioController.listarTodos()','INFO',1),(191,'2025-04-02 18:02:58','Ação realizada: PacienteController.listarTodos()','INFO',1),(192,'2025-04-02 18:02:58','Ação realizada: ConsultaController.listarTodas()','INFO',1),(193,'2025-04-02 18:02:58','Ação realizada: PacienteController.listarTodos()','INFO',1),(194,'2025-04-02 18:02:58','Ação realizada: UsuarioController.listarTodos()','INFO',1),(195,'2025-04-02 18:02:58','Ação realizada: ConsultaController.listarTodas()','INFO',1),(196,'2025-04-02 18:03:50','Ação realizada: ConsultaController.listarTodas()','INFO',1),(197,'2025-04-02 18:03:52','Ação realizada: PacienteController.listarTodos()','INFO',1),(198,'2025-04-02 18:03:52','Ação realizada: UsuarioController.listarTodos()','INFO',1),(199,'2025-04-02 18:03:52','Ação realizada: ConsultaController.listarTodas()','INFO',1),(200,'2025-04-02 18:03:52','Ação realizada: UsuarioController.listarTodos()','INFO',1),(201,'2025-04-02 18:03:53','Ação realizada: PacienteController.listarTodos()','INFO',1),(202,'2025-04-02 18:03:53','Ação realizada: ConsultaController.listarTodas()','INFO',1),(203,'2025-04-02 18:07:40','Ação realizada: PacienteController.listarTodos()','INFO',1),(204,'2025-04-02 18:07:40','Ação realizada: UsuarioController.listarTodos()','INFO',1),(205,'2025-04-02 18:07:40','Ação realizada: ConsultaController.listarTodas()','INFO',1),(206,'2025-04-02 18:07:40','Ação realizada: UsuarioController.listarTodos()','INFO',1),(207,'2025-04-02 18:07:40','Ação realizada: PacienteController.listarTodos()','INFO',1),(208,'2025-04-02 18:07:40','Ação realizada: ConsultaController.listarTodas()','INFO',1),(209,'2025-04-02 18:08:06','Ação realizada: ConsultaController.listarTodas()','INFO',1),(210,'2025-04-02 18:08:08','Ação realizada: PacienteController.listarTodos()','INFO',1),(211,'2025-04-02 18:08:08','Ação realizada: UsuarioController.listarTodos()','INFO',1),(212,'2025-04-02 18:08:08','Ação realizada: ConsultaController.listarTodas()','INFO',1),(213,'2025-04-02 18:08:08','Ação realizada: PacienteController.listarTodos()','INFO',1),(214,'2025-04-02 18:08:08','Ação realizada: UsuarioController.listarTodos()','INFO',1),(215,'2025-04-02 18:08:08','Ação realizada: ConsultaController.listarTodas()','INFO',1),(216,'2025-04-02 18:32:04','Ação realizada: ConsultaController.listarTodas()','INFO',1),(217,'2025-04-02 18:32:04','Ação realizada: PacienteController.listarTodos()','INFO',1),(218,'2025-04-02 18:32:04','Ação realizada: UsuarioController.listarTodos()','INFO',1),(219,'2025-04-02 18:32:04','Ação realizada: ConsultaController.listarTodas()','INFO',1),(220,'2025-04-02 18:32:05','Ação realizada: UsuarioController.listarTodos()','INFO',1),(221,'2025-04-02 18:32:05','Ação realizada: PacienteController.listarTodos()','INFO',1),(222,'2025-04-02 18:32:05','Ação realizada: ConsultaController.listarTodas()','INFO',1),(223,'2025-04-02 18:36:20','Ação realizada: PacienteController.listarTodos()','INFO',1),(224,'2025-04-02 18:46:15','Ação realizada: ConsultaController.listarTodas()','INFO',1),(225,'2025-04-02 18:46:15','Ação realizada: UsuarioController.listarTodos()','INFO',1),(226,'2025-04-02 18:46:15','Ação realizada: PacienteController.listarTodos()','INFO',1),(227,'2025-04-02 18:46:15','Ação realizada: ConsultaController.listarTodas()','INFO',1),(228,'2025-04-02 18:46:15','Ação realizada: UsuarioController.listarTodos()','INFO',1),(229,'2025-04-02 18:46:15','Ação realizada: PacienteController.listarTodos()','INFO',1),(230,'2025-04-02 18:46:15','Ação realizada: ConsultaController.listarTodas()','INFO',1),(231,'2025-04-02 18:48:28','Ação realizada: PacienteController.deletarPaciente(..)','INFO',1),(232,'2025-04-02 18:48:28','Ação realizada: PacienteController.listarTodos()','INFO',1),(233,'2025-04-02 23:58:50','Ação realizada: PacienteController.listarTodos()','INFO',1),(234,'2025-04-02 23:59:48','Ação realizada: ConsultaController.listarTodas()','INFO',2),(235,'2025-04-03 00:01:18','Ação realizada: ConsultaController.listarTodas()','INFO',1),(236,'2025-04-03 00:01:19','Ação realizada: PacienteController.listarTodos()','INFO',1),(237,'2025-04-03 00:01:19','Ação realizada: UsuarioController.listarTodos()','INFO',1),(238,'2025-04-03 00:01:19','Ação realizada: ConsultaController.listarTodas()','INFO',1),(239,'2025-04-03 00:01:20','Ação realizada: PacienteController.listarTodos()','INFO',1),(240,'2025-04-03 00:01:20','Ação realizada: UsuarioController.listarTodos()','INFO',1),(241,'2025-04-03 00:01:20','Ação realizada: ConsultaController.listarTodas()','INFO',1),(242,'2025-04-03 00:02:01','Ação realizada: ConsultaController.listarTodas()','INFO',2),(243,'2025-04-03 00:02:02','Ação realizada: PacienteController.listarTodos()','INFO',2),(244,'2025-04-03 00:02:02','Ação realizada: ConsultaController.listarTodas()','INFO',2),(245,'2025-04-03 00:02:03','Ação realizada: ConsultaController.listarTodas()','INFO',2),(246,'2025-04-03 00:02:03','Ação realizada: PacienteController.listarTodos()','INFO',2),(247,'2025-04-03 00:02:51','Ação realizada: PacienteController.deletarPaciente(..)','INFO',2),(248,'2025-04-03 00:02:51','Ação realizada: PacienteController.listarTodos()','INFO',2),(249,'2025-04-03 00:04:24','Ação realizada: ConsultaController.listarTodas()','INFO',1),(250,'2025-04-03 00:04:24','Ação realizada: PacienteController.listarTodos()','INFO',1),(251,'2025-04-03 00:04:24','Ação realizada: ConsultaController.listarTodas()','INFO',1),(252,'2025-04-03 00:04:24','Ação realizada: UsuarioController.listarTodos()','INFO',1),(253,'2025-04-03 00:04:25','Ação realizada: PacienteController.listarTodos()','INFO',1),(254,'2025-04-03 00:04:25','Ação realizada: UsuarioController.listarTodos()','INFO',1),(255,'2025-04-03 00:04:25','Ação realizada: ConsultaController.listarTodas()','INFO',1),(256,'2025-04-03 00:04:53','Ação realizada: UsuarioController.deletarUsuario(..)','INFO',1),(257,'2025-04-03 00:04:53','Ação realizada: UsuarioController.listarTodos()','INFO',1),(258,'2025-04-03 13:11:53','Ação realizada: ConsultaController.listarTodas()','INFO',1),(259,'2025-04-03 13:11:53','Ação realizada: PacienteController.listarTodos()','INFO',1),(260,'2025-04-03 13:11:53','Ação realizada: UsuarioController.listarTodos()','INFO',1),(261,'2025-04-03 13:11:53','Ação realizada: ConsultaController.listarTodas()','INFO',1),(262,'2025-04-03 13:11:54','Ação realizada: PacienteController.listarTodos()','INFO',1),(263,'2025-04-03 13:11:54','Ação realizada: UsuarioController.listarTodos()','INFO',1),(264,'2025-04-03 13:11:54','Ação realizada: ConsultaController.listarTodas()','INFO',1),(265,'2025-04-03 13:33:58','Ação realizada: ConsultaController.listarTodas()','INFO',1),(266,'2025-04-03 13:33:59','Ação realizada: PacienteController.listarTodos()','INFO',1),(267,'2025-04-03 13:33:59','Ação realizada: ConsultaController.listarTodas()','INFO',1),(268,'2025-04-03 13:33:59','Ação realizada: UsuarioController.listarTodos()','INFO',1),(269,'2025-04-03 13:33:59','Ação realizada: ConsultaController.listarTodas()','INFO',1),(270,'2025-04-03 13:33:59','Ação realizada: UsuarioController.listarTodos()','INFO',1),(271,'2025-04-03 13:42:21','Ação realizada: ConsultaController.listarTodas()','INFO',1),(272,'2025-04-03 13:42:22','Ação realizada: PacienteController.listarTodos()','INFO',1),(273,'2025-04-03 13:42:22','Ação realizada: UsuarioController.listarTodos()','INFO',1),(274,'2025-04-03 13:42:22','Ação realizada: ConsultaController.listarTodas()','INFO',1),(275,'2025-04-03 13:42:23','Ação realizada: PacienteController.listarTodos()','INFO',1),(276,'2025-04-03 13:42:23','Ação realizada: ConsultaController.listarTodas()','INFO',1),(277,'2025-04-03 13:42:23','Ação realizada: UsuarioController.listarTodos()','INFO',1),(278,'2025-04-03 13:42:30','Ação realizada: PacienteController.buscarPorId(..)','INFO',1),(279,'2025-04-03 13:42:51','Ação realizada: PacienteController.atualizarPaciente(..)','INFO',1),(280,'2025-04-03 13:42:51','Ação realizada: PacienteController.listarTodos()','INFO',1),(281,'2025-04-03 13:49:16','Ação realizada: ConsultaController.listarTodas()','INFO',1),(282,'2025-04-03 13:49:18','Ação realizada: PacienteController.listarTodos()','INFO',1),(283,'2025-04-03 13:49:18','Ação realizada: ConsultaController.listarTodas()','INFO',1),(284,'2025-04-03 13:49:18','Ação realizada: UsuarioController.listarTodos()','INFO',1),(285,'2025-04-03 13:49:18','Ação realizada: PacienteController.listarTodos()','INFO',1),(286,'2025-04-03 13:49:18','Ação realizada: ConsultaController.listarTodas()','INFO',1),(287,'2025-04-03 13:49:18','Ação realizada: UsuarioController.listarTodos()','INFO',1),(288,'2025-04-03 13:50:17','Ação realizada: PacienteController.criarPaciente(..)','INFO',1),(289,'2025-04-03 13:50:17','Ação realizada: PacienteController.listarTodos()','INFO',1),(290,'2025-04-03 13:50:26','Ação realizada: PacienteController.listarTodos()','INFO',1),(291,'2025-04-03 18:20:54','Ação realizada: UsuarioController.listarTodos()','INFO',1),(292,'2025-04-03 18:20:54','Ação realizada: PacienteController.listarTodos()','INFO',1),(293,'2025-04-03 18:20:54','Ação realizada: ConsultaController.listarTodas()','INFO',1),(294,'2025-04-03 18:20:55','Ação realizada: UsuarioController.listarTodos()','INFO',1),(295,'2025-04-03 18:20:55','Ação realizada: ConsultaController.listarTodas()','INFO',1),(296,'2025-04-03 18:20:55','Ação realizada: PacienteController.listarTodos()','INFO',1),(297,'2025-04-03 18:21:39','Ação realizada: PacienteController.deletarPaciente(..)','INFO',1),(298,'2025-04-03 18:21:40','Ação realizada: PacienteController.listarTodos()','INFO',1),(299,'2025-04-03 18:21:52','Ação realizada: PacienteController.buscarPorId(..)','INFO',1),(300,'2025-04-03 18:21:59','Ação realizada: PacienteController.atualizarPaciente(..)','INFO',1),(301,'2025-04-03 18:21:59','Ação realizada: PacienteController.listarTodos()','INFO',1),(302,'2025-04-03 18:22:36','Ação realizada: PacienteController.criarPaciente(..)','INFO',1),(303,'2025-04-03 18:22:36','Ação realizada: PacienteController.listarTodos()','INFO',1),(304,'2025-04-07 13:13:28','Ação realizada: PacienteController.listarTodos()','INFO',1),(305,'2025-04-07 13:13:47','Ação realizada: UsuarioController.listarTodos()','INFO',1),(306,'2025-04-07 13:14:27','Ação realizada: ConsultaController.listarTodas()','INFO',2),(307,'2025-04-07 18:38:48','Ação realizada: ConsultaController.listarTodas()','INFO',1),(308,'2025-04-07 18:38:50','Ação realizada: ConsultaController.listarTodas()','INFO',1),(309,'2025-04-07 18:38:50','Ação realizada: UsuarioController.listarTodos()','INFO',1),(310,'2025-04-07 18:38:50','Ação realizada: PacienteController.listarTodos()','INFO',1),(311,'2025-04-07 18:38:50','Ação realizada: ConsultaController.listarTodas()','INFO',1),(312,'2025-04-07 18:38:50','Ação realizada: PacienteController.listarTodos()','INFO',1),(313,'2025-04-07 18:38:50','Ação realizada: UsuarioController.listarTodos()','INFO',1),(314,'2025-04-07 18:53:04','Ação realizada: ConsultaController.listarTodas()','INFO',1),(315,'2025-04-07 18:53:05','Ação realizada: PacienteController.listarTodos()','INFO',1),(316,'2025-04-07 18:53:05','Ação realizada: UsuarioController.listarTodos()','INFO',1),(317,'2025-04-07 18:53:05','Ação realizada: ConsultaController.listarTodas()','INFO',1),(318,'2025-04-07 18:53:05','Ação realizada: UsuarioController.listarTodos()','INFO',1),(319,'2025-04-07 18:53:05','Ação realizada: ConsultaController.listarTodas()','INFO',1),(320,'2025-04-07 18:53:11','Ação realizada: UsuarioController.listarTodos()','INFO',1),(321,'2025-04-07 18:53:11','Ação realizada: ConsultaController.listarTodas()','INFO',1),(322,'2025-04-07 18:53:11','Ação realizada: PacienteController.listarTodos()','INFO',1),(323,'2025-04-07 18:53:12','Ação realizada: UsuarioController.listarTodos()','INFO',1),(324,'2025-04-07 18:53:12','Ação realizada: ConsultaController.listarTodas()','INFO',1),(325,'2025-04-07 18:57:51','Ação realizada: ConsultaController.listarTodas()','INFO',2),(326,'2025-04-07 19:02:00','Ação realizada: ConsultaController.listarTodas()','INFO',1),(327,'2025-04-07 19:02:02','Ação realizada: PacienteController.listarTodos()','INFO',1),(328,'2025-04-07 19:02:02','Ação realizada: ConsultaController.listarTodas()','INFO',1),(329,'2025-04-07 19:02:02','Ação realizada: UsuarioController.listarTodos()','INFO',1),(330,'2025-04-07 19:02:03','Ação realizada: PacienteController.listarTodos()','INFO',1),(331,'2025-04-07 19:02:03','Ação realizada: ConsultaController.listarTodas()','INFO',1),(332,'2025-04-07 19:02:03','Ação realizada: UsuarioController.listarTodos()','INFO',1),(333,'2025-04-07 19:02:10','Ação realizada: ConsultaController.buscarPorId(..)','INFO',1),(334,'2025-04-07 19:03:30','Ação realizada: ConsultaController.cancelarConsulta(..)','INFO',1),(335,'2025-04-07 19:03:30','Ação realizada: ConsultaController.listarTodas()','INFO',1),(336,'2025-04-07 19:06:02','Ação realizada: UsuarioController.listarTodos()','INFO',1),(337,'2025-04-07 19:06:29','Ação realizada: PacienteController.listarTodos()','INFO',1),(338,'2025-04-07 19:07:14','Ação realizada: PacienteController.criarPaciente(..)','INFO',1),(339,'2025-04-07 19:07:14','Ação realizada: PacienteController.listarTodos()','INFO',1),(340,'2025-04-07 19:07:17','Ação realizada: PacienteController.buscarPorId(..)','INFO',1),(341,'2025-04-07 19:07:21','Ação realizada: PacienteController.atualizarPaciente(..)','INFO',1),(342,'2025-04-07 19:07:21','Ação realizada: PacienteController.listarTodos()','INFO',1),(343,'2025-04-07 19:20:28','Ação realizada: ConsultaController.listarTodas()','INFO',1),(344,'2025-04-07 19:20:28','Ação realizada: PacienteController.listarTodos()','INFO',1),(345,'2025-04-07 19:20:28','Ação realizada: ConsultaController.listarTodas()','INFO',1),(346,'2025-04-07 19:20:28','Ação realizada: UsuarioController.listarTodos()','INFO',1),(347,'2025-04-07 19:20:28','Ação realizada: PacienteController.listarTodos()','INFO',1),(348,'2025-04-07 19:20:28','Ação realizada: ConsultaController.listarTodas()','INFO',1),(349,'2025-04-07 19:20:28','Ação realizada: UsuarioController.listarTodos()','INFO',1),(350,'2025-04-07 19:33:19','Ação realizada: ConsultaController.listarTodas()','INFO',1),(351,'2025-04-07 19:33:21','Ação realizada: PacienteController.listarTodos()','INFO',1),(352,'2025-04-07 19:33:21','Ação realizada: UsuarioController.listarTodos()','INFO',1),(353,'2025-04-07 19:33:21','Ação realizada: ConsultaController.listarTodas()','INFO',1),(354,'2025-04-07 19:33:22','Ação realizada: PacienteController.listarTodos()','INFO',1),(355,'2025-04-07 19:33:22','Ação realizada: UsuarioController.listarTodos()','INFO',1),(356,'2025-04-07 19:33:22','Ação realizada: ConsultaController.listarTodas()','INFO',1),(357,'2025-04-07 19:40:03','Ação realizada: ConsultaController.listarTodas()','INFO',1),(358,'2025-04-07 19:40:04','Ação realizada: PacienteController.listarTodos()','INFO',1),(359,'2025-04-07 19:40:04','Ação realizada: ConsultaController.listarTodas()','INFO',1),(360,'2025-04-07 19:40:04','Ação realizada: UsuarioController.listarTodos()','INFO',1),(361,'2025-04-07 19:40:04','Ação realizada: PacienteController.listarTodos()','INFO',1),(362,'2025-04-07 19:40:04','Ação realizada: ConsultaController.listarTodas()','INFO',1),(363,'2025-04-07 19:40:04','Ação realizada: UsuarioController.listarTodos()','INFO',1),(364,'2025-04-07 19:53:28','Ação realizada: ConsultaController.listarTodas()','INFO',1),(365,'2025-04-07 19:53:30','Ação realizada: ConsultaController.listarTodas()','INFO',1),(366,'2025-04-07 19:53:30','Ação realizada: PacienteController.listarTodos()','INFO',1),(367,'2025-04-07 19:53:30','Ação realizada: UsuarioController.listarTodos()','INFO',1),(368,'2025-04-07 19:53:31','Ação realizada: UsuarioController.listarTodos()','INFO',1),(369,'2025-04-07 19:53:31','Ação realizada: ConsultaController.listarTodas()','INFO',1),(370,'2025-04-07 19:53:31','Ação realizada: PacienteController.listarTodos()','INFO',1),(371,'2025-04-08 00:45:29','Ação realizada: ConsultaController.listarTodas()','INFO',1),(372,'2025-04-08 00:45:30','Ação realizada: PacienteController.listarTodos()','INFO',1),(373,'2025-04-08 00:45:30','Ação realizada: UsuarioController.listarTodos()','INFO',1),(374,'2025-04-08 00:45:30','Ação realizada: ConsultaController.listarTodas()','INFO',1),(375,'2025-04-08 00:45:30','Ação realizada: PacienteController.listarTodos()','INFO',1),(376,'2025-04-08 00:45:30','Ação realizada: UsuarioController.listarTodos()','INFO',1),(377,'2025-04-08 00:45:30','Ação realizada: ConsultaController.listarTodas()','INFO',1),(378,'2025-04-08 00:50:59','Ação realizada: ConsultaController.listarTodas()','INFO',1),(379,'2025-04-08 00:50:59','Ação realizada: PacienteController.listarTodos()','INFO',1),(380,'2025-04-08 00:50:59','Ação realizada: UsuarioController.listarTodos()','INFO',1),(381,'2025-04-08 00:50:59','Ação realizada: ConsultaController.listarTodas()','INFO',1),(382,'2025-04-08 00:50:59','Ação realizada: PacienteController.listarTodos()','INFO',1),(383,'2025-04-08 00:50:59','Ação realizada: UsuarioController.listarTodos()','INFO',1),(384,'2025-04-08 00:50:59','Ação realizada: ConsultaController.listarTodas()','INFO',1),(385,'2025-04-08 00:51:37','Ação realizada: PacienteController.criarPaciente(..)','INFO',1),(386,'2025-04-08 00:51:37','Ação realizada: PacienteController.listarTodos()','INFO',1),(387,'2025-04-08 00:51:59','Ação realizada: PacienteController.buscarPorId(..)','INFO',1),(388,'2025-04-08 00:52:03','Ação realizada: PacienteController.atualizarPaciente(..)','INFO',1),(389,'2025-04-08 00:52:03','Ação realizada: PacienteController.listarTodos()','INFO',1),(390,'2025-04-08 00:52:38','Ação realizada: PacienteController.listarTodos()','INFO',1),(391,'2025-04-08 00:57:44','Ação realizada: ConsultaController.listarTodas()','INFO',1),(392,'2025-04-08 00:57:45','Ação realizada: PacienteController.listarTodos()','INFO',1),(393,'2025-04-08 00:57:45','Ação realizada: ConsultaController.listarTodas()','INFO',1),(394,'2025-04-08 00:57:45','Ação realizada: UsuarioController.listarTodos()','INFO',1),(395,'2025-04-08 00:57:45','Ação realizada: PacienteController.listarTodos()','INFO',1),(396,'2025-04-08 00:57:45','Ação realizada: UsuarioController.listarTodos()','INFO',1),(397,'2025-04-08 00:57:45','Ação realizada: ConsultaController.listarTodas()','INFO',1),(398,'2025-04-08 00:57:55','Ação realizada: UsuarioController.listarTodos()','INFO',1),(399,'2025-04-08 00:57:55','Ação realizada: PacienteController.listarTodos()','INFO',1),(400,'2025-04-08 00:57:55','Ação realizada: ConsultaController.listarTodas()','INFO',1),(401,'2025-04-08 00:57:55','Ação realizada: ConsultaController.listarTodas()','INFO',1),(402,'2025-04-08 00:57:55','Ação realizada: PacienteController.listarTodos()','INFO',1),(403,'2025-04-08 00:57:55','Ação realizada: UsuarioController.listarTodos()','INFO',1),(404,'2025-04-08 00:57:58','Ação realizada: PacienteController.buscarPorId(..)','INFO',1),(405,'2025-04-08 00:58:03','Ação realizada: PacienteController.atualizarPaciente(..)','INFO',1),(406,'2025-04-08 00:58:03','Ação realizada: PacienteController.listarTodos()','INFO',1),(407,'2025-04-08 01:01:05','Ação realizada: ConsultaController.listarTodas()','INFO',1),(408,'2025-04-08 01:01:05','Ação realizada: UsuarioController.listarTodos()','INFO',1),(409,'2025-04-08 01:01:05','Ação realizada: ConsultaController.listarTodas()','INFO',1),(410,'2025-04-08 01:01:05','Ação realizada: PacienteController.listarTodos()','INFO',1),(411,'2025-04-08 01:01:05','Ação realizada: UsuarioController.listarTodos()','INFO',1),(412,'2025-04-08 01:01:05','Ação realizada: ConsultaController.listarTodas()','INFO',1),(413,'2025-04-08 01:01:05','Ação realizada: PacienteController.listarTodos()','INFO',1),(414,'2025-04-08 01:04:44','Ação realizada: ConsultaController.listarTodas()','INFO',1),(415,'2025-04-08 01:04:45','Ação realizada: PacienteController.listarTodos()','INFO',1),(416,'2025-04-08 01:04:45','Ação realizada: UsuarioController.listarTodos()','INFO',1),(417,'2025-04-08 01:04:45','Ação realizada: ConsultaController.listarTodas()','INFO',1),(418,'2025-04-08 01:04:45','Ação realizada: PacienteController.listarTodos()','INFO',1),(419,'2025-04-08 01:04:45','Ação realizada: UsuarioController.listarTodos()','INFO',1),(420,'2025-04-08 01:04:45','Ação realizada: ConsultaController.listarTodas()','INFO',1),(421,'2025-04-08 01:09:51','Ação realizada: UsuarioController.listarTodos()','INFO',1),(422,'2025-04-08 01:09:51','Ação realizada: PacienteController.listarTodos()','INFO',1),(423,'2025-04-08 01:09:51','Ação realizada: ConsultaController.listarTodas()','INFO',1),(424,'2025-04-08 01:09:51','Ação realizada: UsuarioController.listarTodos()','INFO',1),(425,'2025-04-08 01:09:51','Ação realizada: PacienteController.listarTodos()','INFO',1),(426,'2025-04-08 01:09:51','Ação realizada: ConsultaController.listarTodas()','INFO',1),(427,'2025-04-08 01:09:54','Ação realizada: UsuarioController.listarTodos()','INFO',1),(428,'2025-04-08 01:09:54','Ação realizada: PacienteController.listarTodos()','INFO',1),(429,'2025-04-08 01:09:54','Ação realizada: ConsultaController.listarTodas()','INFO',1),(430,'2025-04-08 01:09:55','Ação realizada: UsuarioController.listarTodos()','INFO',1),(431,'2025-04-08 01:09:55','Ação realizada: PacienteController.listarTodos()','INFO',1),(432,'2025-04-08 01:09:55','Ação realizada: ConsultaController.listarTodas()','INFO',1),(433,'2025-04-08 01:10:18','Ação realizada: ConsultaController.listarTodas()','INFO',1),(434,'2025-04-08 01:10:19','Ação realizada: PacienteController.listarTodos()','INFO',1),(435,'2025-04-08 01:10:19','Ação realizada: UsuarioController.listarTodos()','INFO',1),(436,'2025-04-08 01:10:19','Ação realizada: ConsultaController.listarTodas()','INFO',1),(437,'2025-04-08 01:10:20','Ação realizada: UsuarioController.listarTodos()','INFO',1),(438,'2025-04-08 01:10:20','Ação realizada: PacienteController.listarTodos()','INFO',1),(439,'2025-04-08 01:10:20','Ação realizada: ConsultaController.listarTodas()','INFO',1),(440,'2025-04-08 01:20:53','Ação realizada: PacienteController.listarTodos()','INFO',1),(441,'2025-04-08 01:20:53','Ação realizada: ConsultaController.listarTodas()','INFO',1),(442,'2025-04-08 01:20:53','Ação realizada: UsuarioController.listarTodos()','INFO',1),(443,'2025-04-08 01:20:53','Ação realizada: PacienteController.listarTodos()','INFO',1),(444,'2025-04-08 01:20:53','Ação realizada: ConsultaController.listarTodas()','INFO',1),(445,'2025-04-08 01:20:53','Ação realizada: UsuarioController.listarTodos()','INFO',1),(446,'2025-04-08 01:21:11','Ação realizada: PacienteController.listarTodos()','INFO',1),(447,'2025-04-08 01:21:11','Ação realizada: UsuarioController.listarTodos()','INFO',1),(448,'2025-04-08 01:21:11','Ação realizada: ConsultaController.listarTodas()','INFO',1),(449,'2025-04-08 01:21:11','Ação realizada: PacienteController.listarTodos()','INFO',1),(450,'2025-04-08 01:21:11','Ação realizada: UsuarioController.listarTodos()','INFO',1),(451,'2025-04-08 01:21:11','Ação realizada: ConsultaController.listarTodas()','INFO',1),(452,'2025-04-08 01:21:32','Ação realizada: ConsultaController.listarTodas()','INFO',1),(453,'2025-04-08 01:21:33','Ação realizada: ConsultaController.listarTodas()','INFO',1),(454,'2025-04-08 01:21:33','Ação realizada: UsuarioController.listarTodos()','INFO',1),(455,'2025-04-08 01:21:33','Ação realizada: PacienteController.listarTodos()','INFO',1),(456,'2025-04-08 01:21:33','Ação realizada: UsuarioController.listarTodos()','INFO',1),(457,'2025-04-08 01:21:33','Ação realizada: ConsultaController.listarTodas()','INFO',1),(458,'2025-04-08 01:21:34','Ação realizada: PacienteController.listarTodos()','INFO',1),(459,'2025-04-08 01:46:15','Ação realizada: ConsultaController.listarTodas()','INFO',1),(460,'2025-04-08 01:46:15','Ação realizada: PacienteController.listarTodos()','INFO',1),(461,'2025-04-08 01:46:15','Ação realizada: UsuarioController.listarTodos()','INFO',1),(462,'2025-04-08 01:46:15','Ação realizada: ConsultaController.listarTodas()','INFO',1),(463,'2025-04-08 01:46:15','Ação realizada: UsuarioController.listarTodos()','INFO',1),(464,'2025-04-08 01:46:15','Ação realizada: PacienteController.listarTodos()','INFO',1),(465,'2025-04-08 01:46:15','Ação realizada: ConsultaController.listarTodas()','INFO',1),(466,'2025-04-08 01:47:00','Ação realizada: PacienteController.buscarPorId(..)','INFO',1),(467,'2025-04-08 01:47:03','Ação realizada: PacienteController.atualizarPaciente(..)','INFO',1),(468,'2025-04-08 01:47:03','Ação realizada: PacienteController.listarTodos()','INFO',1),(469,'2025-04-08 01:47:08','Ação realizada: PacienteController.deletarPaciente(..)','INFO',1),(470,'2025-04-08 01:47:09','Ação realizada: PacienteController.listarTodos()','INFO',1),(471,'2025-04-08 01:48:01','Ação realizada: PacienteController.criarPaciente(..)','INFO',1),(472,'2025-04-08 01:48:01','Ação realizada: PacienteController.listarTodos()','INFO',1),(473,'2025-04-08 01:48:28','Ação realizada: ConsultaController.buscarPorId(..)','INFO',1),(474,'2025-04-08 01:52:58','Ação realizada: ConsultaController.listarTodas()','INFO',1),(475,'2025-04-08 01:52:59','Ação realizada: PacienteController.listarTodos()','INFO',1),(476,'2025-04-08 01:52:59','Ação realizada: ConsultaController.listarTodas()','INFO',1),(477,'2025-04-08 01:52:59','Ação realizada: UsuarioController.listarTodos()','INFO',1),(478,'2025-04-08 01:52:59','Ação realizada: PacienteController.listarTodos()','INFO',1),(479,'2025-04-08 01:52:59','Ação realizada: ConsultaController.listarTodas()','INFO',1),(480,'2025-04-08 01:52:59','Ação realizada: UsuarioController.listarTodos()','INFO',1),(481,'2025-04-08 01:56:43','Ação realizada: PacienteController.listarTodos()','INFO',1),(482,'2025-04-08 11:54:48','Ação realizada: PacienteController.listarTodos()','INFO',1),(483,'2025-04-08 17:38:46','Ação realizada: PacienteController.criarPaciente(..)','INFO',2),(484,'2025-04-08 18:57:39','Ação realizada: PacienteController.buscarPorId(..)','INFO',2),(485,'2025-04-08 18:57:50','Ação realizada: PacienteController.buscarPorId(..)','INFO',2),(486,'2025-04-08 19:00:07','Ação realizada: PacienteController.buscarPorId(..)','INFO',2),(487,'2025-04-08 19:00:13','Ação realizada: PacienteController.buscarPorId(..)','INFO',2),(488,'2025-04-08 19:00:17','Ação realizada: PacienteController.buscarPorId(..)','INFO',2),(489,'2025-04-08 19:05:23','Ação realizada: PacienteController.atualizarPaciente(..)','INFO',2),(490,'2025-04-08 19:05:36','Ação realizada: PacienteController.atualizarPaciente(..)','INFO',2),(491,'2025-04-08 19:05:50','Ação realizada: PacienteController.listarTodos()','INFO',1),(492,'2025-04-08 19:06:13','Ação realizada: PacienteController.atualizarPaciente(..)','INFO',2),(493,'2025-04-08 19:06:17','Ação realizada: PacienteController.listarTodos()','INFO',1),(494,'2025-04-08 19:06:29','Ação realizada: PacienteController.atualizarPaciente(..)','INFO',2),(495,'2025-04-08 19:06:33','Ação realizada: PacienteController.listarTodos()','INFO',1),(496,'2025-04-08 19:41:27','Ação realizada: PacienteController.deletarPaciente(..)','INFO',2),(497,'2025-04-08 19:44:17','Ação realizada: PacienteController.deletarPaciente(..)','INFO',2),(498,'2025-04-08 19:47:03','Ação realizada: PacienteController.listarTodos()','INFO',1),(499,'2025-04-08 19:47:14','Ação realizada: PacienteController.deletarPaciente(..)','INFO',2),(500,'2025-04-08 19:47:18','Ação realizada: PacienteController.listarTodos()','INFO',1),(501,'2025-04-08 19:49:31','Ação realizada: PacienteController.atualizarPaciente(..)','INFO',2),(502,'2025-04-08 19:49:39','Ação realizada: PacienteController.buscarPorId(..)','INFO',2),(503,'2025-04-08 19:49:42','Ação realizada: PacienteController.buscarPorId(..)','INFO',2),(504,'2025-04-08 19:53:07','Ação realizada: PacienteController.listarTodos()','INFO',1),(505,'2025-04-08 19:54:39','Ação realizada: PacienteController.criarPaciente(..)','INFO',2),(506,'2025-04-08 19:57:57','Ação realizada: UsuarioController.listarTodos()','INFO',1),(507,'2025-04-08 20:05:19','Ação realizada: UsuarioController.listarTodos()','INFO',1),(508,'2025-04-08 20:35:24','Ação realizada: UsuarioController.criarUsuario(..)','INFO',1),(509,'2025-04-08 20:40:47','Ação realizada: UsuarioController.buscarPorId(..)','INFO',1),(510,'2025-04-08 20:40:50','Ação realizada: UsuarioController.buscarPorId(..)','INFO',1),(511,'2025-04-08 20:40:54','Ação realizada: UsuarioController.buscarPorId(..)','INFO',1),(512,'2025-04-08 20:41:00','Ação realizada: UsuarioController.buscarPorId(..)','INFO',1),(513,'2025-04-08 20:41:04','Ação realizada: UsuarioController.buscarPorId(..)','INFO',1),(514,'2025-04-08 20:41:07','Ação realizada: UsuarioController.buscarPorId(..)','INFO',1),(515,'2025-04-08 20:41:09','Ação realizada: UsuarioController.buscarPorId(..)','INFO',1),(516,'2025-04-08 20:41:13','Ação realizada: UsuarioController.buscarPorId(..)','INFO',1),(517,'2025-04-08 20:41:17','Ação realizada: UsuarioController.buscarPorId(..)','INFO',1),(518,'2025-04-08 20:41:39','Ação realizada: UsuarioController.buscarPorId(..)','INFO',1),(519,'2025-04-08 22:57:02','Ação realizada: UsuarioController.atualizarUsuario(..)','INFO',1),(520,'2025-04-08 22:59:53','Ação realizada: UsuarioController.atualizarUsuario(..)','INFO',1),(521,'2025-04-08 23:02:46','Ação realizada: UsuarioController.listarTodos()','INFO',1),(522,'2025-04-08 23:03:05','Ação realizada: UsuarioController.deletarUsuario(..)','INFO',1),(523,'2025-04-08 23:03:22','Ação realizada: UsuarioController.listarTodos()','INFO',1),(524,'2025-04-08 23:07:33','Ação realizada: ConsultaController.listarTodas()','INFO',2),(525,'2025-04-08 23:12:04','Ação realizada: ConsultaController.criarConsulta(..)','INFO',1),(526,'2025-04-08 23:14:34','Ação realizada: ConsultaController.criarConsulta(..)','INFO',1),(527,'2025-04-08 23:17:58','Ação realizada: ConsultaController.listarTodas()','INFO',2),(528,'2025-04-08 23:18:24','Ação realizada: ConsultaController.buscarPorId(..)','INFO',1),(529,'2025-04-08 23:18:33','Ação realizada: ConsultaController.buscarPorId(..)','INFO',1),(530,'2025-04-09 01:26:16','Ação realizada: ConsultaController.atualizarConsulta(..)','INFO',1),(531,'2025-04-09 01:26:37','Ação realizada: ConsultaController.atualizarConsulta(..)','INFO',1),(532,'2025-04-09 01:26:40','Ação realizada: ConsultaController.atualizarConsulta(..)','INFO',1),(533,'2025-04-09 01:26:54','Ação realizada: ConsultaController.atualizarConsulta(..)','INFO',1),(534,'2025-04-09 01:27:00','Ação realizada: ConsultaController.listarTodas()','INFO',2),(535,'2025-04-09 01:29:45','Ação realizada: ConsultaController.atualizarConsulta(..)','INFO',1),(536,'2025-04-09 01:30:39','Ação realizada: ConsultaController.atualizarConsulta(..)','INFO',1),(537,'2025-04-09 01:32:02','Ação realizada: ConsultaController.listarTodas()','INFO',2),(538,'2025-04-09 01:32:27','Ação realizada: ConsultaController.cancelarConsulta(..)','INFO',1),(539,'2025-04-09 01:33:04','Ação realizada: ConsultaController.cancelarConsulta(..)','INFO',1),(540,'2025-04-09 01:34:06','Ação realizada: ConsultaController.listarTodas()','INFO',2),(541,'2025-04-10 16:58:56','Ação realizada: PacienteController.listarTodos()','INFO',1),(542,'2025-04-10 16:59:25','Ação realizada: ConsultaController.listarTodas()','INFO',2);
/*!40000 ALTER TABLE `log` ENABLE KEYS */;
UNLOCK TABLES;

--
-- Table structure for table `paciente`
--

DROP TABLE IF EXISTS `paciente`;
/*!40101 SET @saved_cs_client     = @@character_set_client */;
/*!50503 SET character_set_client = utf8mb4 */;
CREATE TABLE `paciente` (
  `id_paciente` int NOT NULL AUTO_INCREMENT,
  `nome` varchar(100) NOT NULL,
  `data_nascimento` date NOT NULL,
  `cpf` varchar(14) NOT NULL,
  `endereco` varchar(255) NOT NULL,
  `contato` varchar(20) NOT NULL,
  PRIMARY KEY (`id_paciente`)
) ENGINE=InnoDB AUTO_INCREMENT=23 DEFAULT CHARSET=utf8mb4 COLLATE=utf8mb4_0900_ai_ci;
/*!40101 SET character_set_client = @saved_cs_client */;

--
-- Dumping data for table `paciente`
--

LOCK TABLES `paciente` WRITE;
/*!40000 ALTER TABLE `paciente` DISABLE KEYS */;
INSERT INTO `paciente` VALUES (1,'João Silvo','2000-01-17','123.456.789-18','Rua das Hortas, nª456','(14) 99994-5679'),(5,'Davi Corra','1990-01-01','123.456.789-10','Rua das Flores, 123','(11) 91234-5678'),(6,'João Gonçalves','1990-01-01','123.456.789-10','Rua das Flores, 123','(11) 91234-5678'),(8,'Rogerio','2001-10-10','3002892222','Rua das Maravilhas,  71','91111-88889'),(18,'Mario Eduardo','1999-04-01','123.456.789-11','Rua das Hortas, nª456','(14) 99994-5678'),(20,'larisa santos','1999-02-23','123.456.789-12','rua horta','2312312'),(22,'Cecilia','2000-10-10','555.555.555.55','Rua das Maravilhas,  71','91111-88889');
/*!40000 ALTER TABLE `paciente` ENABLE KEYS */;
UNLOCK TABLES;

--
-- Table structure for table `usuario`
--

DROP TABLE IF EXISTS `usuario`;
/*!40101 SET @saved_cs_client     = @@character_set_client */;
/*!50503 SET character_set_client = utf8mb4 */;
CREATE TABLE `usuario` (
  `id_usuario` int NOT NULL AUTO_INCREMENT,
  `nome` varchar(100) NOT NULL,
  `login` varchar(50) NOT NULL,
  `senha` varchar(255) NOT NULL,
  `tipo_usuario` varchar(50) NOT NULL,
  `contato_especialidade` varchar(255) DEFAULT NULL,
  PRIMARY KEY (`id_usuario`)
) ENGINE=InnoDB AUTO_INCREMENT=11 DEFAULT CHARSET=utf8mb4 COLLATE=utf8mb4_0900_ai_ci;
/*!40101 SET character_set_client = @saved_cs_client */;

--
-- Dumping data for table `usuario`
--

LOCK TABLES `usuario` WRITE;
/*!40000 ALTER TABLE `usuario` DISABLE KEYS */;
INSERT INTO `usuario` VALUES (1,'Root','Admin','$2a$10$t5iZvZCdUUqxvU6fcs2ZyuaQBzIN/mNFCvVQEBlu5DENJJX.L6ivm','ADMIN','Nenhum'),(2,'Alex Roberto','AlexR','$2a$10$cb7XdzNl7zBu6hcI9T7KEetz1voZA3c9DhYpD4etb8L/gX8HiCJT.','PROFISSIONAL','Clinico Geral'),(5,'Renato uninter','RenatoU','$2a$10$5UM4Nanf0td0VDCsN76zEOYVuEoxd2/Purlh79qP9EPVeNUAGH4q.','PROFISSIONAL','dinossauro'),(6,'João Uninter','Joaou','$2a$10$Ot92v0rSUwGrrzR1np6GFOBQPe85q3dQKIXPMPteYxrW.BKXsl5x.','ADMIN','Nenhum'),(8,'Matilde Gonçalves','MatildeG','$2a$10$hcrDNBJvnLYKQdlBSDRkDeC2NkMRsUXfLBqrAVvYjvY8SUBp88rd2','PROFISSIONAL','Cirugião Geral'),(10,'Matilde Gonçalves','MatildeG','$2a$10$gsYZfReSdw7Y654bPotHaOSFjtFpRutmAgDxgCU85IFd83/7APmW.','PROFISSIONAL','Cirugião Geral');
/*!40000 ALTER TABLE `usuario` ENABLE KEYS */;
UNLOCK TABLES;
/*!40103 SET TIME_ZONE=@OLD_TIME_ZONE */;

/*!40101 SET SQL_MODE=@OLD_SQL_MODE */;
/*!40014 SET FOREIGN_KEY_CHECKS=@OLD_FOREIGN_KEY_CHECKS */;
/*!40014 SET UNIQUE_CHECKS=@OLD_UNIQUE_CHECKS */;
/*!40101 SET CHARACTER_SET_CLIENT=@OLD_CHARACTER_SET_CLIENT */;
/*!40101 SET CHARACTER_SET_RESULTS=@OLD_CHARACTER_SET_RESULTS */;
/*!40101 SET COLLATION_CONNECTION=@OLD_COLLATION_CONNECTION */;
/*!40111 SET SQL_NOTES=@OLD_SQL_NOTES */;

-- Dump completed on 2025-04-10 20:38:11
